{"cameraMode":{"drawMode":0,"name":"Shaded","section":"Shading Mode"},"sceneLighting":false,"audioPlay":false,"sceneViewState":{"showFog":true,"showMaterialUpdate":false,"showSkybox":false,"showFlares":true,"showImageEffects":true,"showParticleSystems":true,"showVisualEffectGraphs":true,"m_FxEnabled":true},"in2DMode":false,"pivot":{"x":2.6888999938964845,"y":-37.37095642089844,"z":1.1549835205078126},"rotation":{"x":-0.005185104440897703,"y":0.9872109889984131,"z":0.1558753252029419,"w":0.03288433700799942},"size":120.77912139892578,"orthographic":false}