{"cameraMode":{"drawMode":0,"name":"Shaded","section":"Shading Mode"},"sceneLighting":true,"audioPlay":false,"sceneViewState":{"showFog":true,"showMaterialUpdate":false,"showSkybox":true,"showFlares":true,"showImageEffects":true,"showParticleSystems":true},"in2DMode":false,"pivot":{"x":0.4055948257446289,"y":-0.4878730773925781,"z":-0.0346827507019043},"rotation":{"x":-0.092782162129879,"y":0.8999205827713013,"z":-0.23488420248031617,"w":-0.3554795980453491},"size":2.1385457515716554,"orthographic":false}