{"cameraMode":{"drawMode":0,"name":"Shaded","section":"Shading Mode"},"sceneLighting":false,"audioPlay":false,"sceneViewState":{"showFog":true,"showMaterialUpdate":false,"showSkybox":true,"showFlares":true,"showImageEffects":true,"showParticleSystems":true,"showVisualEffectGraphs":true,"m_FxEnabled":true},"in2DMode":false,"pivot":{"x":2.820791244506836,"y":-0.34391406178474429,"z":-0.8605899810791016},"rotation":{"x":-0.0033411697950214149,"y":0.9854711294174194,"z":-0.16865597665309907,"w":-0.019519977271556855},"size":12.12435531616211,"orthographic":false}