{"cameraMode":{"drawMode":0,"name":"Shaded","section":"Shading Mode"},"sceneLighting":false,"audioPlay":false,"sceneViewState":{"showFog":true,"showMaterialUpdate":false,"showSkybox":true,"showFlares":true,"showImageEffects":true,"showParticleSystems":true,"showVisualEffectGraphs":true,"m_FxEnabled":true},"in2DMode":false,"pivot":{"x":6.199999809265137,"y":12.579999923706055,"z":12.310001373291016},"rotation":{"x":-0.002188025275245309,"y":0.995444655418396,"z":-0.09224063158035279,"w":-0.02360004000365734},"size":12.124356269836426,"orthographic":false}