{"cameraMode":{"drawMode":0,"name":"Shaded","section":"Shading Mode"},"sceneLighting":false,"audioPlay":false,"sceneViewState":{"showFog":true,"showMaterialUpdate":false,"showSkybox":false,"showFlares":true,"showImageEffects":true,"showParticleSystems":true,"showVisualEffectGraphs":true,"m_FxEnabled":true},"in2DMode":false,"pivot":{"x":6.620000839233398,"y":1.0220072269439698,"z":5.069404602050781},"rotation":{"x":0.0012997941812500358,"y":0.9983710646629334,"z":-0.05096116662025452,"w":0.02546396665275097},"size":2.071218967437744,"orthographic":false}